district,khoroo,pop
袘邪谐邪薪褍褍褉,1,8516
袘邪谐邪薪褍褍褉,2,699
袘邪谐邪薪褍褍褉,3,7663
袘邪谐邪薪褍褍褉,4,5927
袘邪谐邪薪褍褍褉,5,6144
袘邪谐邪褏邪薪谐邪泄,1,2571
袘邪谐邪褏邪薪谐邪泄,2,1678
袘邪褟薪谐芯谢,1,9265
袘邪褟薪谐芯谢,26,18329
袘邪褟薪谐芯谢,2,9256
袘邪褟薪谐芯谢,27,6488
袘邪褟薪谐芯谢,3,7327
袘邪褟薪谐芯谢,28,6965
袘邪褟薪谐芯谢,4,7559
袘邪褟薪谐芯谢,29,9296
袘邪褟薪谐芯谢,5,7936
袘邪褟薪谐芯谢,30,5883
袘邪褟薪谐芯谢,6,10027
袘邪褟薪谐芯谢,31,6170
袘邪褟薪谐芯谢,7,7039
袘邪褟薪谐芯谢,32,7362
袘邪褟薪谐芯谢,8,8019
袘邪褟薪谐芯谢,33,6357
袘邪褟薪谐芯谢,9,8342
袘邪褟薪谐芯谢,34,4390
袘邪褟薪谐芯谢,10,7643
袘邪褟薪谐芯谢,11,6321
袘邪褟薪谐芯谢,12,5312
袘邪褟薪谐芯谢,13,4884
袘邪褟薪谐芯谢,14,4115
袘邪褟薪谐芯谢,15,4738
袘邪褟薪谐芯谢,16,4791
袘邪褟薪谐芯谢,17,7630
袘邪褟薪谐芯谢,18,10098
袘邪褟薪谐芯谢,19,7637
袘邪褟薪谐芯谢,20,3238
袘邪褟薪谐芯谢,21,6606
袘邪褟薪谐芯谢,22,7045
袘邪褟薪谐芯谢,23,5927
袘邪褟薪谐芯谢,24,15429
袘邪褟薪谐芯谢,25,7286
袘邪褟薪蟹爷褉褏,1,11213
袘邪褟薪蟹爷褉褏,26,24947
袘邪褟薪蟹爷褉褏,2,11443
袘邪褟薪蟹爷褉褏,27,10407
袘邪褟薪蟹爷褉褏,3,10177
袘邪褟薪蟹爷褉褏,28,10951
袘邪褟薪蟹爷褉褏,4,10798
袘邪褟薪蟹爷褉褏,29,6597
袘邪褟薪蟹爷褉褏,5,8463
袘邪褟薪蟹爷褉褏,30,9790
袘邪褟薪蟹爷褉褏,6,10612
袘邪褟薪蟹爷褉褏,31,10269
袘邪褟薪蟹爷褉褏,7,7623
袘邪褟薪蟹爷褉褏,32,8712
袘邪褟薪蟹爷褉褏,8,11670
袘邪褟薪蟹爷褉褏,33,4014
袘邪褟薪蟹爷褉褏,9,7546
袘邪褟薪蟹爷褉褏,34,7451
袘邪褟薪蟹爷褉褏,10,8782
袘邪褟薪蟹爷褉褏,35,6000
袘邪褟薪蟹爷褉褏,11,10905
袘邪褟薪蟹爷褉褏,36,16566
袘邪褟薪蟹爷褉褏,12,7161
袘邪褟薪蟹爷褉褏,37,11486
袘邪褟薪蟹爷褉褏,13,13910
袘邪褟薪蟹爷褉褏,38,13655
袘邪褟薪蟹爷褉褏,14,10083
袘邪褟薪蟹爷褉褏,39,8142
袘邪褟薪蟹爷褉褏,15,7494
袘邪褟薪蟹爷褉褏,40,10659
袘邪褟薪蟹爷褉褏,16,20369
袘邪褟薪蟹爷褉褏,41,10031
袘邪褟薪蟹爷褉褏,17,7268
袘邪褟薪蟹爷褉褏,42,19146
袘邪褟薪蟹爷褉褏,18,10549
袘邪褟薪蟹爷褉褏,43,15813
袘邪褟薪蟹爷褉褏,19,12438
袘邪褟薪蟹爷褉褏,20,3974
袘邪褟薪蟹爷褉褏,21,9387
袘邪褟薪蟹爷褉褏,22,6917
袘邪褟薪蟹爷褉褏,23,10220
袘邪褟薪蟹爷褉褏,24,7933
袘邪褟薪蟹爷褉褏,25,10624
袧邪谢邪泄褏,1,5798
袧邪谢邪泄褏,2,4034
袧邪谢邪泄褏,3,5652
袧邪谢邪泄褏,4,7499
袧邪谢邪泄褏,5,4007
袧邪谢邪泄褏,6,1537
袧邪谢邪泄褏,7,6005
袧邪谢邪泄褏,8,6292
小芯薪谐懈薪芯褏邪泄褉褏邪薪,1,9387
小芯薪谐懈薪芯褏邪泄褉褏邪薪,26,9429
小芯薪谐懈薪芯褏邪泄褉褏邪薪,2,7678
小芯薪谐懈薪芯褏邪泄褉褏邪薪,27,7768
小芯薪谐懈薪芯褏邪泄褉褏邪薪,3,8597
小芯薪谐懈薪芯褏邪泄褉褏邪薪,28,7694
小芯薪谐懈薪芯褏邪泄褉褏邪薪,4,6772
小芯薪谐懈薪芯褏邪泄褉褏邪薪,29,11345
小芯薪谐懈薪芯褏邪泄褉褏邪薪,5,5411
小芯薪谐懈薪芯褏邪泄褉褏邪薪,30,5413
小芯薪谐懈薪芯褏邪泄褉褏邪薪,6,10585
小芯薪谐懈薪芯褏邪泄褉褏邪薪,31,6151
小芯薪谐懈薪芯褏邪泄褉褏邪薪,7,8782
小芯薪谐懈薪芯褏邪泄褉褏邪薪,32,5718
小芯薪谐懈薪芯褏邪泄褉褏邪薪,8,7476
小芯薪谐懈薪芯褏邪泄褉褏邪薪,33,21435
小芯薪谐懈薪芯褏邪泄褉褏邪薪,9,5772
小芯薪谐懈薪芯褏邪泄褉褏邪薪,34,8561
小芯薪谐懈薪芯褏邪泄褉褏邪薪,10,9567
小芯薪谐懈薪芯褏邪泄褉褏邪薪,35,5800
小芯薪谐懈薪芯褏邪泄褉褏邪薪,11,9043
小芯薪谐懈薪芯褏邪泄褉褏邪薪,36,8528
小芯薪谐懈薪芯褏邪泄褉褏邪薪,12,4231
小芯薪谐懈薪芯褏邪泄褉褏邪薪,37,10839
小芯薪谐懈薪芯褏邪泄褉褏邪薪,13,4994
小芯薪谐懈薪芯褏邪泄褉褏邪薪,38,6586
小芯薪谐懈薪芯褏邪泄褉褏邪薪,14,5015
小芯薪谐懈薪芯褏邪泄褉褏邪薪,39,5653
小芯薪谐懈薪芯褏邪泄褉褏邪薪,15,5887
小芯薪谐懈薪芯褏邪泄褉褏邪薪,40,7370
小芯薪谐懈薪芯褏邪泄褉褏邪薪,16,5662
小芯薪谐懈薪芯褏邪泄褉褏邪薪,41,8280
小芯薪谐懈薪芯褏邪泄褉褏邪薪,17,5036
小芯薪谐懈薪芯褏邪泄褉褏邪薪,42,5373
小芯薪谐懈薪芯褏邪泄褉褏邪薪,18,8420
小芯薪谐懈薪芯褏邪泄褉褏邪薪,43,4990
小芯薪谐懈薪芯褏邪泄褉褏邪薪,19,12752
小芯薪谐懈薪芯褏邪泄褉褏邪薪,20,7754
小芯薪谐懈薪芯褏邪泄褉褏邪薪,21,8071
小芯薪谐懈薪芯褏邪泄褉褏邪薪,22,11210
小芯薪谐懈薪芯褏邪泄褉褏邪薪,23,5788
小芯薪谐懈薪芯褏邪泄褉褏邪薪,24,9490
小芯薪谐懈薪芯褏邪泄褉褏邪薪,25,8890
小爷褏斜邪邪褌邪褉,1,9589
小爷褏斜邪邪褌邪褉,2,3623
小爷褏斜邪邪褌邪褉,3,8502
小爷褏斜邪邪褌邪褉,4,2829
小爷褏斜邪邪褌邪褉,5,4728
小爷褏斜邪邪褌邪褉,6,5510
小爷褏斜邪邪褌邪褉,7,8918
小爷褏斜邪邪褌邪褉,8,7008
小爷褏斜邪邪褌邪褉,9,10278
小爷褏斜邪邪褌邪褉,10,9286
小爷褏斜邪邪褌邪褉,11,17588
小爷褏斜邪邪褌邪褉,12,5083
小爷褏斜邪邪褌邪褉,13,6815
小爷褏斜邪邪褌邪褉,14,3791
小爷褏斜邪邪褌邪褉,15,6660
小爷褏斜邪邪褌邪褉,16,10771
小爷褏斜邪邪褌邪褉,17,4923
小爷褏斜邪邪褌邪褉,18,8333
小爷褏斜邪邪褌邪褉,19,2268
小爷褏斜邪邪褌邪褉,20,4520
啸邪薪-校褍谢,1,10616
啸邪薪-校褍谢,2,12867
啸邪薪-校褍谢,3,15356
啸邪薪-校褍谢,4,6858
啸邪薪-校褍谢,5,4663
啸邪薪-校褍谢,6,7250
啸邪薪-校褍谢,7,4985
啸邪薪-校褍谢,8,13006
啸邪薪-校褍谢,9,8276
啸邪薪-校褍谢,10,9749
啸邪薪-校褍谢,11,10792
啸邪薪-校褍谢,12,6038
啸邪薪-校褍谢,13,4243
啸邪薪-校褍谢,14,6861
啸邪薪-校褍谢,15,21282
啸邪薪-校褍谢,16,9300
啸邪薪-校褍谢,17,16037
啸邪薪-校褍谢,18,15102
啸邪薪-校褍谢,19,14952
啸邪薪-校褍谢,20,11091
啸邪薪-校褍谢,21,17461
啸邪薪-校褍谢,22,8313
啸邪薪-校褍谢,23,19559
啸邪薪-校褍谢,24,17374
啸邪薪-校褍谢,25,10979
效懈薪谐褝谢褌褝泄,1,3197
效懈薪谐褝谢褌褝泄,2,3177
效懈薪谐褝谢褌褝泄,3,5405
效懈薪谐褝谢褌褝泄,4,4874
效懈薪谐褝谢褌褝泄,5,4441
效懈薪谐褝谢褌褝泄,6,9084
效懈薪谐褝谢褌褝泄,7,5984
效懈薪谐褝谢褌褝泄,8,2998
效懈薪谐褝谢褌褝泄,9,5267
效懈薪谐褝谢褌褝泄,10,7325
效懈薪谐褝谢褌褝泄,11,4189
效懈薪谐褝谢褌褝泄,12,5372
效懈薪谐褝谢褌褝泄,13,6397
效懈薪谐褝谢褌褝泄,14,5150
效懈薪谐褝谢褌褝泄,15,7358
效懈薪谐褝谢褌褝泄,16,7393
效懈薪谐褝谢褌褝泄,17,7059
效懈薪谐褝谢褌褝泄,18,5758
效懈薪谐褝谢褌褝泄,19,6857
效懈薪谐褝谢褌褝泄,20,4268
效懈薪谐褝谢褌褝泄,21,6993
效懈薪谐褝谢褌褝泄,22,4035
效懈薪谐褝谢褌褝泄,23,3945
效懈薪谐褝谢褌褝泄,24,2590
